BOOK103,sale
BOOK104,stock
BOOK105,stock
BOOK106,stock
BOOK107,sale
BOOK108,stock
BOOK103,sale
BOOK104,stock
BOOK105,stock
BOOK106,stock
BOOK107,sale
BOOK108,stock
BOOK103,sale
BOOK104,stock
BOOK105,stock
BOOK106,stock
BOOK107,sale
BOOK103,sale
BOOK104,stock
BOOK105,stock
BOOK106,stock
BOOK107,sale
BOOK108,stock
BOOK103,sale
BOOK104,stock
BOOK105,stock
BOOK106,stock
BOOK107,sale
BOOK108,stock
BOOK103,sale
BOOK104,stock
BOOK105,stock
BOOK106,stock
BOOK107,sale
BOOK103,sale
BOOK104,stock
BOOK105,stock
BOOK106,stock
BOOK107,sale
BOOK108,stock
BOOK103,sale
BOOK104,stock
BOOK105,stock
BOOK106,stock
BOOK107,sale
BOOK108,stock
BOOK103,sale
BOOK104,stock
BOOK105,stock
BOOK106,stock
BOOK107,sale
BOOK103,sale
BOOK104,stock
BOOK105,stock
BOOK106,stock
BOOK107,sale
BOOK108,stock
BOOK103,sale
BOOK104,stock
BOOK105,stock
BOOK106,stock
BOOK107,sale
BOOK108,stock
BOOK103,sale
BOOK104,stock
BOOK105,stock
BOOK106,stock
BOOK107,sale
BOOK103,sale
BOOK104,stock
BOOK105,stock
BOOK106,stock
BOOK107,sale
BOOK108,stock
BOOK103,sale
BOOK104,stock
BOOK105,stock
BOOK106,stock
BOOK107,sale
BOOK108,stock
BOOK103,sale
BOOK104,stock
BOOK105,stock
BOOK106,stock
BOOK107,sale
BOOK103,sale
BOOK104,stock
BOOK105,stock
BOOK106,stock
BOOK107,sale
BOOK108,stock
BOOK103,sale
BOOK104,stock
BOOK105,stock
BOOK106,stock
BOOK107,sale
BOOK108,stock
BOOK103,sale
BOOK104,stock
BOOK105,stock
BOOK106,stock
BOOK107,sale
BOOK103,sale
BOOK104,stock
BOOK105,stock
BOOK106,stock
BOOK107,sale
BOOK108,stock
BOOK103,sale
BOOK104,stock
BOOK105,stock
BOOK106,stock
BOOK107,sale
BOOK108,stock
BOOK103,sale
BOOK104,stock
BOOK105,stock
BOOK106,stock
BOOK107,sale
BOOK103,sale
BOOK104,stock
BOOK105,stock
BOOK106,stock
BOOK107,sale
BOOK108,stock
BOOK103,sale
BOOK104,stock
BOOK105,stock
BOOK106,stock
BOOK107,sale
BOOK108,stock
BOOK103,sale
BOOK104,stock
BOOK105,stock
BOOK106,stock
BOOK107,sale
BOOK103,sale
BOOK104,stock
BOOK105,stock
BOOK106,stock
BOOK107,sale
BOOK108,stock
BOOK103,sale
BOOK104,stock
BOOK105,stock
BOOK106,stock
BOOK107,sale
BOOK108,stock
BOOK103,sale
BOOK104,stock
BOOK105,stock
BOOK106,stock
BOOK107,sale
BOOK103,sale
BOOK104,stock
BOOK105,stock
BOOK106,stock
BOOK107,sale
BOOK108,stock
BOOK103,sale
BOOK104,stock
BOOK105,stock
BOOK106,stock
BOOK107,sale
BOOK108,stock
BOOK103,sale
BOOK104,stock
BOOK105,stock
BOOK106,stock
BOOK107,sale
BOOK103,sale
BOOK104,stock
BOOK105,stock
BOOK106,stock
BOOK107,sale
BOOK108,stock
BOOK103,sale
BOOK104,stock
BOOK105,stock
BOOK106,stock
BOOK107,sale
BOOK108,stock
BOOK103,sale
BOOK104,stock
BOOK105,stock
BOOK106,stock
BOOK107,sale
BOOK103,sale
BOOK104,stock
BOOK105,stock
BOOK106,stock
BOOK107,sale
BOOK108,stock
BOOK103,sale
BOOK104,stock
BOOK105,stock
BOOK106,stock
BOOK107,sale
BOOK108,stock
BOOK103,sale
BOOK104,stock
BOOK105,stock
BOOK106,stock
BOOK107,sale
BOOK103,sale
BOOK104,stock
BOOK105,stock
BOOK106,stock
BOOK107,sale
BOOK108,stock
BOOK103,sale
BOOK104,stock
BOOK105,stock
BOOK106,stock
BOOK107,sale
BOOK108,stock
BOOK103,sale
BOOK104,stock
BOOK105,stock
BOOK106,stock
BOOK107,sale
BOOK103,sale
BOOK104,stock
BOOK105,stock
BOOK106,stock
BOOK107,sale
BOOK108,stock
BOOK103,sale
BOOK104,stock
BOOK105,stock
BOOK106,stock
BOOK107,sale
BOOK108,stock
BOOK103,sale
BOOK104,stock
BOOK105,stock
BOOK106,stock
BOOK107,sale
BOOK103,sale
BOOK104,stock
BOOK105,stock
BOOK106,stock
BOOK107,sale
BOOK108,stock
BOOK103,sale
BOOK104,stock
BOOK105,stock
BOOK106,stock
BOOK107,sale
BOOK108,stock
BOOK103,sale
BOOK104,stock
BOOK105,stock
BOOK106,stock
BOOK107,sale
BOOK103,sale
BOOK104,stock
BOOK105,stock
BOOK106,stock
BOOK107,sale
BOOK108,stock
BOOK103,sale
BOOK104,stock
BOOK105,stock
BOOK106,stock
BOOK107,sale
BOOK108,stock
BOOK103,sale
BOOK104,stock
BOOK105,stock
BOOK106,stock
BOOK107,sale
BOOK103,sale
BOOK104,stock
BOOK105,stock
BOOK106,stock
BOOK107,sale
BOOK108,stock
BOOK103,sale
BOOK104,stock
BOOK105,stock
BOOK106,stock
BOOK107,sale
BOOK108,stock
BOOK103,sale
BOOK104,stock
BOOK105,stock
BOOK106,stock
BOOK107,sale
BOOK103,sale
BOOK104,stock
BOOK105,stock
BOOK106,stock
BOOK107,sale
BOOK108,stock
BOOK103,sale
BOOK104,stock
BOOK105,stock
BOOK106,stock
BOOK107,sale
BOOK108,stock
BOOK103,sale
BOOK104,stock
BOOK105,stock
BOOK106,stock
BOOK107,sale
BOOK103,sale
BOOK104,stock
BOOK105,stock
BOOK106,stock
BOOK107,sale
BOOK108,stock
BOOK103,sale
BOOK104,stock
BOOK105,stock
BOOK106,stock
BOOK107,sale
BOOK108,stock
BOOK103,sale
BOOK104,stock
BOOK105,stock
BOOK106,stock
BOOK107,sale
BOOK103,sale
BOOK104,stock
BOOK105,stock
BOOK106,stock
BOOK107,sale
BOOK108,stock
BOOK103,sale
BOOK104,stock
BOOK105,stock
BOOK106,stock
BOOK107,sale
BOOK108,stock
BOOK103,sale
BOOK104,stock
BOOK105,stock
BOOK106,stock
BOOK107,sale
BOOK103,sale
BOOK104,stock
BOOK105,stock
BOOK106,stock
BOOK107,sale
BOOK108,stock
BOOK103,sale
BOOK104,stock
BOOK105,stock
BOOK106,stock
BOOK107,sale
BOOK108,stock
BOOK103,sale
BOOK104,stock
BOOK105,stock
BOOK106,stock
BOOK107,sale
BOOK103,sale
BOOK104,stock
BOOK105,stock
BOOK106,stock
BOOK107,sale
BOOK108,stock
BOOK103,sale
BOOK104,stock
BOOK105,stock
BOOK106,stock
BOOK107,sale
BOOK108,stock
BOOK103,sale
BOOK104,stock
BOOK105,stock
BOOK106,stock
BOOK107,sale
BOOK103,sale
BOOK104,stock
BOOK105,stock
BOOK106,stock
BOOK107,sale
BOOK108,stock
BOOK103,sale
BOOK104,stock
BOOK105,stock
BOOK106,stock
BOOK107,sale
BOOK108,stock
BOOK103,sale
BOOK104,stock
BOOK105,stock
BOOK106,stock
BOOK107,sale
BOOK103,sale
BOOK104,stock
BOOK105,stock
BOOK106,stock
BOOK107,sale
BOOK108,stock
BOOK103,sale
BOOK104,stock
BOOK105,stock
BOOK106,stock
BOOK107,sale
BOOK108,stock
BOOK103,sale
BOOK104,stock
BOOK105,stock
BOOK106,stock
BOOK107,sale
BOOK103,sale
BOOK104,stock
BOOK105,stock
BOOK106,stock
BOOK107,sale
BOOK108,stock
BOOK103,sale
BOOK104,stock
BOOK105,stock
BOOK106,stock
BOOK107,sale
BOOK108,stock
BOOK103,sale
BOOK104,stock
BOOK105,stock
BOOK106,stock
BOOK107,sale
BOOK103,sale
BOOK104,stock
BOOK105,stock
BOOK106,stock
BOOK107,sale
BOOK108,stock
BOOK103,sale
BOOK104,stock
BOOK105,stock
BOOK106,stock
BOOK107,sale
BOOK108,stock
BOOK103,sale
BOOK104,stock
BOOK105,stock
BOOK106,stock
BOOK107,sale
BOOK103,sale
BOOK104,stock
BOOK105,stock
BOOK106,stock
BOOK107,sale
BOOK108,stock
BOOK103,sale
BOOK104,stock
BOOK105,stock
BOOK106,stock
BOOK107,sale
BOOK108,stock
BOOK103,sale
BOOK104,stock
BOOK105,stock
BOOK106,stock
BOOK107,sale
BOOK103,sale
BOOK104,stock
BOOK105,stock
BOOK106,stock
BOOK107,sale
BOOK108,stock
BOOK103,sale
BOOK104,stock
BOOK105,stock
BOOK106,stock
BOOK107,sale
BOOK108,stock
BOOK103,sale
BOOK104,stock
BOOK105,stock
BOOK106,stock
BOOK107,sale
BOOK103,sale
BOOK104,stock
BOOK105,stock
BOOK106,stock
BOOK107,sale
BOOK108,stock
BOOK103,sale
BOOK104,stock
BOOK105,stock
BOOK106,stock
BOOK107,sale
BOOK108,stock
BOOK103,sale
BOOK104,stock
BOOK105,stock
BOOK106,stock
BOOK107,sale
BOOK103,sale
BOOK104,stock
BOOK105,stock
BOOK106,stock
BOOK107,sale
BOOK108,stock
BOOK103,sale
BOOK104,stock
BOOK105,stock
BOOK106,stock
BOOK107,sale
BOOK108,stock
BOOK103,sale
BOOK104,stock
BOOK105,stock
BOOK106,stock
BOOK107,sale
BOOK103,sale
BOOK104,stock
BOOK105,stock
BOOK106,stock
BOOK107,sale
BOOK108,stock
BOOK103,sale
BOOK104,stock
BOOK105,stock
BOOK106,stock
BOOK107,sale
BOOK108,stock
BOOK103,sale
BOOK104,stock
BOOK105,stock
BOOK106,stock
BOOK107,sale
BOOK103,sale
BOOK104,stock
BOOK105,stock
